Name,Time,Winning,Diff
Developer_COOL,17,0,3
Developer_COOL,15,0,3
Developer_COOL,10,0,3
Developer_COOL,4,0,3
Developer_COOL,2,0,3
Developer_COOL,16,0,3
Developer_COOL,28,0,3
Developer_COOL,52,0,3
Developer_COOL,4,0,3
Developer_COOL,1,0,3
Developer_COOL,1,0,3
Developer_COOL,9,0,3
Developer_COOL,66,0,3
Developer_COOL,27,0,3
Developer_COOL,1,0,3
Developer_COOL,70,0,3
Developer_COOL,4,0,3
Developer_COOL,4,0,3
Developer_COOL,73,0,3
Developer_COOL,15,0,3
Developer_COOL,15,0,3
Developer_COOL,151,0,3
???,19,0,3
???,83,0,3
???,39,0,3
???,29,0,3
???,2,0,3
???,6,0,3
???,28,0,3
Developer_COOL,5,0,3
Developer_COOL,162,0,3
Developer_COOL,4,0,3
